{
    "parent": "item/handheld",
    "textures": {
        "layer0": "heroicarmory:items/skyrim/daedric_sword"
    },
	"display": {
		"thirdperson_righthand": {
			"rotation": [ 18, 90, 0 ],
			"translation": [ 0.00, 12.25, -4.75 ],
			"scale": [ 2.00, 2.00, 1.00 ]
		},
		"thirdperson_lefthand": {
			"rotation": [ 20, -90, 0 ],
			"translation": [ 0.00, 12.25, -4.75 ],
			"scale": [ 2.00, 2.00, 1.00 ]
		},
		"firstperson_righthand": {
			"rotation": [ 148, 70, -134 ],
			"translation": [ 4.75, 12.75, -6.75 ],
			"scale": [ 2.00, 2.00, 1.00 ]
		},
		"firstperson_lefthand": {
			"rotation": [ -114, -78, -122 ],
			"translation": [ 3.50, 13.50, -4.25 ],
			"scale": [ 2.00, 2.00, 1.00 ]
		},
		"gui": {
			"rotation": [ 0, 0, 0 ],
			"translation": [ 3.6363636363636367, 3.6363636363636367, 0.75 ],
			"scale": [ 1.4545454545454546, 1.4545454545454546, 1.00 ]
		}
	}
}