{
    "parent": "item/handheld",
    "textures": {
        "layer0": "heroicarmory:items/sw/count_dooku_lightsaber"
    },
	"display": {
		"thirdperson_righthand": {
			"rotation": [ 18, 90, 0 ],
			"translation": [ 0.00, 13.75, -5.50 ],
			"scale": [ 2.00, 2.00, 1.00 ]
		},
		"thirdperson_lefthand": {
			"rotation": [ -340, -90, 0 ],
			"translation": [ 0.00, 13.75, -5.50 ],
			"scale": [ 2.00, 2.00, 1.00 ]
		},
		"firstperson_righthand": {
			"rotation": [ 148, 70, 226 ],
			"translation": [ 4.75, 12.75, -6.75 ],
			"scale": [ 2.00, 2.00, 1.00 ]
		},
		"firstperson_lefthand": {
			"rotation": [ 246, 282, 238 ],
			"translation": [ 3.50, 13.50, -4.25 ],
			"scale": [ 2.00, 2.00, 1.00 ]
		},
		"gui": {
			"rotation": [ 0, 0, 0 ],
			"translation": [ 4.19047619047619, 4.19047619047619, 0.75 ],
			"scale": [ 1.5238095238095237, 1.5238095238095237, 1.00 ]
		}
	}
}